文件名,类型,来源,日期
report01.txt,txt,Seeking Alpha,"Mar 18, 2026"
report02.txt,txt,Seeking Alpha,"Mar 18, 2026"
report03.txt,txt,Seeking Alpha,"Mar 20, 2026"
report04.txt,txt,Simply Wall St / Yahoo Finance,"Mar 17, 2026"
report05.txt,txt,Simply Wall St / Yahoo Finance,"Mar 18, 2026"
report06.txt,txt,Simply Wall St,"Mar 3, 2026"
report07.txt,txt,Simply Wall St / Yahoo Finance,"Mar 17, 2026"
report08.txt,txt,Simply Wall St / Yahoo Finance,"Mar 18, 2026"
report09.txt,txt,Simply Wall St / Yahoo Finance,"Mar 17, 2026"
report10.txt,txt,Simply Wall St / Yahoo Finance,"Mar 17, 2026"
